"species","site","Photosynthesis","annual.Perennial","height","rootdiam","SRL","RTD","rootN","SLA","LDMC","LTD","leafarea","TLP","leafN","intrinsicLDGRcon","intrinsicLDGRchr","invasionLDGRcon","invasionLDGRchr","weight","weight2","grassland_type","grass.forb","lifespan"
"Alliumtextile","CHY","C3","Perennial",30.48,0.2355,NA,NA,NA,101.8584,0.135925364,0.08137136,1.24325,-0.34556153,2.815,0.248119893967043,-0.0944601518567713,0.340666641659147,0.0331537702951505,0.523840175902338,1.90897920014908,"Northern Mixed","Other","Perennial"
"Artemisiafrigida","CHY","C3","Perennial",26.868,0.24195,70.28428596,NA,1.02,213.6270654,0.348899798,0.33609394,0.075220945,-1.261089225,1.953,1.62811231743312,1.14089441919486,0.65600754602927,0.499612343904065,0.5986271531234,1.67048887572572,"Northern Mixed","Other","Perennial"
"Boutelouagracilis","CHY","C4","Perennial",15.91,0.204125,68.67957164,0.3752851,0.56,72.99876175,0.49404319,0.412646057,0.6532,-1.599274184,1.508888889,2.99946405181134,3.11888821920074,2.10415706678487,1.65296223104496,0.74297349983846,1.34594302517845,"Northern Mixed","Grass","Perennial"
"Carexeleocharis","CHY","C3","Perennial",9.955,0.1892,76.88056507,NA,0.716666667,115.4980706,0.403400534,NA,0.95225,-2.430975402,1.742,2.28242787952582,3.00864425700034,2.29076399962929,2.8772982818845,0.579142810643122,1.72668982783284,"Northern Mixed","Grass","Perennial"
"Cirsiumundulatum","CHY","C3","Perennial",38.61428571,NA,NA,NA,NA,97.29738554,0.228524695,0.41,36.25428571,-1.27780434,1.958,-0.13367321676855,0.451068280729986,0.0111449353600155,0.213083473249575,0.46074836810337,2.17038207669929,"Northern Mixed","Other","Perennial"
"Comandraumbellata","CHY","C3","Perennial",9.485,0.3323,21.75143953,NA,0.82,91.94960823,0.255090913,0.3340517,0.4859,-1.896426384,2.608,0.218401092288467,0.391675391021312,0.300369554862072,0.435555699651307,0.567902903278445,1.76086439112585,"Northern Mixed","Other","Perennial"
"Erigeronpumilus","CHY","C4","Perennial",9.58,0.23698,83.89194004,NA,0.98,103.6559933,0.249771608,0.20651597,0.457125,-0.785325331,1.773,0.589810377660907,0.641371948410964,0.466038045916273,1.06126237630011,0.537070180420373,1.86195405452838,"Northern Mixed","Other","Perennial"
"Gauracoccinea","CHY","C3","Perennial",17.812,NA,NA,NA,NA,137.561965,0.290132473,NA,1.06725,-1.09411888,2.066666667,0.119321453232257,0.219515718638742,0.147370037635859,0.453358045661828,0.481098050325003,2.07857836739196,"Northern Mixed","Other","Perennial"
"Heterothecavillosa","CHY","C3","Perennial",12.812,0.254566667,69.97353922,NA,0.8,115.9404074,0.30257769,NA,0.733125,-0.551132887,2.032,1.19676945296595,1.11366378986881,0.881323268802407,0.670411187892836,0.634955265771244,1.57491409853158,"Northern Mixed","Other","Perennial"
"Koeleriapyramidata","CHY","C3","Perennial",15.7,0.15324,162.2700823,0.334,0.516666667,83.88686134,0.401028467,0.487,2.385375,-1.435339472,1.385,0.910864740134932,0.75378009306128,0.878452193190227,0.525686386130649,0.693287184563125,1.44240369974551,"Northern Mixed","Grass","Perennial"
"Lactucaserriola","CHY","C3","Biennial",83.75,NA,NA,NA,NA,NA,NA,NA,NA,NA,NA,-0.600111429630125,0.502959096924712,0.601593716536863,0.0899393623635696,0.391460913082865,2.55453345807814,"Northern Mixed","Other","Short-lived"
"Lappularedowskii","CHY","C3","Annual",16.09,0.13325,378.8427103,NA,1.78,231.0757905,0.203229243,NA,0.238642857,-0.816724467,2.356,1.67201188361813e-17,0.343028844653636,2.9370397244821e-16,-0.0418473316027725,0.322120562970698,3.1044277048869,"Northern Mixed","Other","Short-lived"
"Lepidiumdensiflorum","CHY","C3","Annual",15.27428571,0.15235,282.0899068,0.40364305,1.816666667,169.268439,0.207452531,0.46227389,0.634055556,-0.728598717,3.598,0.0759779909823817,0.0314736582202135,-0.0418148359774975,0.0943387304007919,0.256164802110239,3.90373693716773,"Northern Mixed","Other","Short-lived"
"Lesquerellamontana","CHY","C3","Perennial",4.92,0.171,190.2181779,NA,1.828571429,92.82327376,0.211131504,NA,0.696166667,-0.880043165,2.744,0.380917028610742,0.483237293004093,0.747880412256496,0.812955028737633,0.910648541654225,1.09811848837254,"Northern Mixed","Other","Perennial"
"Linariadalmatica","CHY","C4","Perennial",60.7,NA,NA,NA,1.001,145.72879,0.21475,NA,4.2554429,NA,NA,0.744573280557605,0.823024167579443,0.307698922312066,0.418917639713077,0.535743436770393,1.86656509695811,"Northern Mixed","Other","Perennial"
"Lygodesmiajuncea","CHY","C3","Perennial",NA,NA,NA,NA,NA,101.5325763,0.203896624,NA,NA,NA,NA,0.0657269161530128,-0.0623300144268395,0.190387174923206,0.22566042777114,0.326416659282139,3.06356912725967,"Northern Mixed","Other","Perennial"
"Mertensialanceolata","CHY","C3","Perennial",10.37,0.18698,73.76156396,NA,1.425,129.3438491,0.208128531,NA,1.1595,-0.791050036,2.834,0.252402705904949,0.129877034346327,0.189081492939883,0.134933820247757,0.345301447019225,2.8960202994583,"Northern Mixed","Other","Perennial"
"Musineondivaricatum","CHY","C3","Perennial",6.85,NA,NA,NA,NA,98.72758824,0.194083985,0.16887982,3.292,-1.102265773,3.204,0.191093159614854,0.146156712975512,0.0292310250786578,0.119161988683187,0.291565654191411,3.42975925190251,"Northern Mixed","Other","Perennial"
"Pascopyrumsmithii","CHY","C3","Perennial",31.055,0.3128,39.31760857,0.2845681,0.88,75.48453217,0.381474082,0.46392425,5.1705,-1.395786971,2.31,1.96248043496719,1.24416895046486,2.09611981742302,1.26811310735778,0.603736816232339,1.65635086864599,"Northern Mixed","Grass","Perennial"
"Penstemonalbidus","CHY","C3","Perennial",13.425,0.23682,118.2733738,NA,0.94,96.92319451,0.271293342,NA,2.184,-0.523550221,1.668,0.362541954187371,0.266635899613994,0.131137578352998,0.148169484960982,0.372994471876131,2.68100488184204,"Northern Mixed","Other","Perennial"
"Phloxhoodii","CHY","C4","Perennial",2.825,0.33018,47.89818564,0.327272727,1.18,139.5070877,0.262580645,0.40898618,0.030829593,-0.848817505,2.326666667,1.9048409352379,0.0726531731670477,2.30820428363417,0.35989636188659,0.426379364625565,2.34532926066479,"Northern Mixed","Other","Perennial"
"Plantagopatagonica","CHY","C3","Annual",7.655,0.168471429,264.2943584,NA,1.25,111.1843241,0.250117064,NA,1.199,-0.42831196,1.294,1.88621155775701,1.8097683681436,0.172862142786327,0.65803657949511,0.977801497820478,1.02270246285059,"Northern Mixed","Other","Short-lived"
"Sphaeralceacoccinea","CHY","C3","Perennial",8.865,0.259766667,70.74975685,0.133333333,1.5,91.28928662,0.300322517,0.22081766,2.609722222,-0.940412773,2.475,0.269977415663968,0.0648493763954738,0.116563201013365,0.176382866150574,0.354281909092352,2.82261096131591,"Northern Mixed","Other","Perennial"
"Stipacomata","CHY","C3","Perennial",25.305,0.286883333,39.04902073,0.65,0.683333333,59.60760204,0.443618722,0.28232236,1.44825,-1.933388738,1.578,1.32952250008253,1.28434331079863,1.16202226375867,1.02842536684301,0.846153880734701,1.1818181335193,"Northern Mixed","Grass","Perennial"
"Tragopogondubius","CHY","C3","Biennial",51.08075,0.434975,22.84106,0.3711031,1.137,141.6648016,0.217106333,0.3306402,8.4654524,-1.074377472,3.029,0.624119772083882,-0.0706952099634472,0.338432805177844,0.460537128822306,0.499996324037017,2.00001470396003,"Northern Mixed","Other","Short-lived"
"Vulpiaoctoflora","CHY","C3","Annual",6.495,0.12178,484.0989444,0.243376475,1.18,150.1410832,0.277615645,0.7305598,0.144238,-1.804843108,2.106,1.78573916629196,1.43441195227386,1.14906624718357,2.49655500364996,1.50850981956095,0.662905860494198,"Northern Mixed","Grass","Short-lived"
"Achilleamillefolium","HYS","C3","Perennial",40.359167,0.2537,73.90947,0.3156046,0.685,169.867,0.28098,0.272,2.3824048,-1.8366896,NA,0.641443317688352,0.884910062681166,0.474445590142818,0.334980237891574,0.711255051930366,1.40596540901322,"Southern Mixed","Other","Perennial"
"Ambrosiapsilostachya","HYS","C3","Perennial",44.425,NA,NA,NA,1.29,108.6214169,0.2879133,0.67,4.920375,-2.73749216,NA,1.42969289854605,1.18295960570502,1.27068144629072,0.956651716267143,0.99555865052286,1.00446116306137,"Southern Mixed","Other","Perennial"
"Andropogonternarius","HYS","C4","Perennial",118.872,NA,NA,NA,NA,NA,NA,NA,NA,NA,NA,1.90044805796088,1.36856447062429,1.07517100108656,0.746494421047583,0.913170204994095,1.09508610172675,"Southern Mixed","Grass","Perennial"
"Aristidapurpurea","HYS","C4","Annual",7.35,0.2046,120.4515543,0.278714286,NA,103.569861,0.475938433,0.5223002,0.2265,-2.6865728,NA,1.52056223403225,1.39282023704336,1.33322666145686,1.00113865323618,0.811842947709175,1.23176533444277,"Southern Mixed","Grass","Short-lived"
"Asterericoides","HYS","C3","Perennial",NA,NA,NA,NA,NA,NA,NA,NA,NA,NA,NA,1.35912446080817,0.291953199658996,0.582831232386939,0.804377108378691,0.800463842640589,1.24927566584541,"Southern Mixed","Other","Perennial"
"Astragaluscrassicarpus","HYS","C3","Perennial",NA,NA,NA,NA,NA,135.86957,NA,0.46,NA,NA,NA,0.516205856513505,-0.036351774911916,0.328475176235305,0.0820707955598841,0.728756182967943,1.37220105073742,"Southern Mixed","Other","Perennial"
"Boutelouacurtipendula","HYS","C4","Perennial",68.495,0.12054,222.8852772,0.45474026,0.884,158.4683619,0.441390407,0.5498623,4.08076,-2.8125968,NA,2.24302656629751,1.54010110637832,1.49140215852267,1.22134793912254,0.762768817716235,1.31101321497914,"Southern Mixed","Grass","Perennial"
"Boutelouagracilis","HYS","C4","Perennial",26.0065,0.183741667,123.04093,0.3752851,0.56,130.267628,0.482589445,0.412646057,0.92273,-3.80408,1.6829445,3.13002508793124,1.753919156043,1.05909652744866,0.974891305659158,0.909883571817203,1.09904171365883,"Southern Mixed","Grass","Perennial"
"Bromusjaponicus","HYS","C3","Annual",31.42857,NA,NA,NA,NA,NA,0.2866,0.33,2.499,NA,NA,2.13750654717971,2.71761462394115,0.791395538423444,2.01301507937454,1.4979384655003,0.667584165192,"Southern Mixed","Grass","Short-lived"
"Buchloedactyloides","HYS","C4","Perennial",NA,NA,NA,NA,0.78,131.75231,0.5325,NA,NA,NA,NA,1.37421769592077,1.03880745684001,0.299625623865955,0.566357068629483,0.848307698075827,1.17881754729828,"Southern Mixed","Grass","Perennial"
"Cirsiumundulatum","HYS","C3","Perennial",43.87714286,NA,NA,NA,NA,71.73601,0.256133344,0.41,41.22380952,-1.080581418,1.964714286,0.918629636171564,1.67419400544008,0.94321476207201,0.169250771346709,0.775713195458654,1.28913625016877,"Southern Mixed","Other","Perennial"
"Erysimumasperum","HYS","C3","Biennial",NA,NA,NA,NA,NA,NA,0.263038549,NA,NA,NA,NA,0.960740509968067,0.925488685831626,0.62859285867295,0.389183308531093,0.729906347965558,1.37003877660095,"Southern Mixed","Other","Short-lived"
"Gutierreziasarothrae","HYS","C3","Perennial",38.14667,0.2064,88.03055556,0.36,1.24,95.2121,0.376374603,0.15435775,0.19084,-2.454065,1.534,0.707799286620057,0.314283359542265,0.48112912040086,0.437848434262879,0.717470776912996,1.39378499052271,"Southern Mixed","Other","Perennial"
"Hedeomahispida","HYS","C3","Annual",NA,NA,NA,NA,NA,115.15152,NA,0.4824561,NA,NA,NA,-0.0312523293556354,0.797154542824807,0.0616308614592371,0.246086679913989,0.330198424309388,3.02848204709488,"Southern Mixed","Other","Short-lived"
"Kuhniaeupatorioides","HYS","C3","Perennial",89.5,NA,NA,NA,NA,140.25245,NA,0.31,NA,NA,NA,-4.89830635194353e-14,0.739491772378456,-1.27481471265956e-14,0.368355863270689,0.743178665858159,1.34557145669041,"Southern Mixed","Other","Perennial"
"Liatrispunctata","HYS","C3","Perennial",30.68167,0.3042,118.81,0.168,1.06,54.39829,0.312267,0.469593,1.21275,-0.914981833,1.664,0.537443898233167,1.04712783482244,0.252976677040234,0.476360943884234,0.599980783921428,1.66672004637228,"Southern Mixed","Other","Perennial"
"Medicagolupulina","HYS","C3","Annual",41.40291,0.215,303.5787,0.1045,3.2291685,182.43243,0.19152005,0.3915344,7.48,NA,NA,0.139026664833192,0.423253365432529,0.199099066521713,0.174211575151407,0.391358117905083,2.55520443871956,"Southern Mixed","Other","Short-lived"
"Melilotusofficinalis","HYS","C3","Biennial",134.6,NA,NA,NA,NA,132.33083,0.2376667,0.2906469,NA,NA,NA,0.209643360434915,-0.0900153072016678,0.355124741889673,0.505683832966451,0.811667923568977,1.23203094635416,"Southern Mixed","Other","Short-lived"
"Opuntiapolyacantha","HYS","C3","Perennial",60.96,NA,NA,NA,NA,NA,NA,NA,NA,NA,NA,0.293590484733669,0.192206402414006,0.0558226698877364,0.143911710500681,0.522640491591201,1.91336112698704,"Southern Mixed","Other","Perennial"
"Oxalisstricta","HYS","C3","Perennial",29.30083,NA,NA,NA,NA,255.10204,0.169414116,0.28,8.438333,NA,NA,0.0200366928467189,0.12331571691505,0.0465884393370382,0.263520236831193,0.297336361617898,3.36319444604317,"Southern Mixed","Other","Perennial"
"Pascopyrumsmithii","HYS","C3","Perennial",37.07833333,0.195,122.15,0.285,1.004,52.67848466,0.455234911,0.46392425,7.28583335,-2.584984914,2.1925,2.60473421947794,3.7718631111133,1.15968305406858,1.99799241674407,1.06471531426532,0.939218199082656,"Southern Mixed","Grass","Perennial"
"Poapratensis","HYS","C3","Perennial",43.339,NA,652.0816,0.116875,0.8149322,223.21429,0.3044245,0.3409091,4.3356409,NA,NA,1.40129159091636,2.33713714750665,1.30926727692446,2.18289228647925,0.785993895582678,1.2722745120796,"Southern Mixed","Grass","Perennial"
"Psoraleatenuiflora","HYS","C3","Perennial",NA,0.3176333,34.26263,0.4262845,NA,100.06946,NA,0.3569595,NA,NA,NA,1.83542812851684,2.71453020192637,0.782806689687847,0.77330091695846,0.968810051398076,1.03219408031215,"Southern Mixed","Other","Perennial"
"Ratibidacolumnifera","HYS","C3","Perennial",94.488,0.204666667,128.4495034,0.278333333,NA,111.3554043,0.212333434,0.2941176,NA,-1.92912608,NA,0.95573836636138,1.91151082737283,0.490639772602683,0.694534929832447,0.647817526628317,1.54364455868411,"Southern Mixed","Other","Perennial"
"Schizachyriumscoparium","HYS","C4","Perennial",91.4125,0.17486,195.7415543,0.228333333,0.9905,161.2498759,0.341577904,0.7731486,2.43956,-2.254976,NA,1.39429174706554,1.20871726597676,1.13776576301243,0.817451817868793,0.630811103853044,1.5852606174684,"Southern Mixed","Grass","Perennial"
"Senecioplattensis","HYS","C3","Perennial",60,NA,NA,NA,NA,NA,NA,NA,NA,NA,NA,0.0424349227416569,-0.126496135606377,0.078856727633741,0.290965486654857,0.43224617198385,2.31349648606573,"Southern Mixed","Other","Perennial"
"Sileneantirrhina","HYS","C3","Annual",NA,NA,NA,NA,NA,200,NA,0.3846154,NA,NA,NA,0.0944186295200501,0.19636172142279,0.0328155191947148,0.0981782262894658,0.17756621110324,5.63170207770319,"Southern Mixed","Other","Short-lived"
"Sporobolusasper","HYS","C4","Perennial",95.22,NA,NA,NA,NA,NA,NA,NA,NA,NA,NA,1.94105237899506,1.35216289280044,1.18824690336631,1.18951693932754,0.870286410311217,1.14904701274423,"Southern Mixed","Grass","Perennial"
"Tragopogondubius","HYS","C3","Biennial",51.08075,0.435,22.84,0.371,1.137,110.2,0.217106333,0.377,8.4654524,-1.074377472,3.029,0.301166834590146,0.212115615646444,0.575105048201195,-0.449042268724686,0.413557234184521,2.41804499435698,"Southern Mixed","Other","Short-lived"
"Ambrosiapsilostachya","KNZ","C3","Perennial",44.425,0.206,145.345,0.374,1.29,108.6214169,0.2879133,0.56,4.920375,-2.73749216,NA,0.840137678708553,1.09901692903032,0.806020738659485,0.904590502394508,0.757500391171657,1.32013133148784,"Tallgrass","Other","Perennial"
"Amorphacanescens","KNZ","C3","Perennial",NA,0.194,73.78,0.586,NA,179.5875,0.624936769,0.3934341,NA,NA,NA,0.973550117573219,0.492782551905456,1.02072138748765,0.595946728126837,0.710593315220237,1.40727470774203,"Tallgrass","Other","Perennial"
"Andropogongerardii","KNZ","C4","Perennial",NA,0.2409,45.38839,0.4841379,1.44,172.2349175,0.321700284,0.4786185,NA,-2.0594736,NA,2.00684132984134,2.90466331331451,1.49861200078367,2.49437015915369,0.47422321389198,2.10871161660969,"Tallgrass","Grass","Perennial"
"Asclepiasverticillata","KNZ","C3","Perennial",73.7,0.4293,29.21309,0.2663795,NA,167.08895,NA,0.3837415,NA,NA,NA,0.309770585309088,0.270476096477708,0.440550263739733,0.304824885507287,0.562400530343871,1.77809220661397,"Tallgrass","Other","Perennial"
"Asterericoides","KNZ","C3","Perennial",52.57,NA,NA,NA,NA,95.8,0.3376,NA,0.2973,NA,1.2,0.527115909798569,1.5859741452615,0.217143350646126,0.492875974431438,0.492920410217082,2.02872508273618,"Tallgrass","Other","Perennial"
"Boutelouacurtipendula","KNZ","C4","Perennial",68.495,0.1827286,100.63455,0.5510436,0.884,160.67665,0.425945204,0.548931,4.08076,-3.0114032,1.6,1.15764023403894,0.488567344480158,1.25396720616271,1.13023981522526,0.937018835932534,1.06721440557253,"Tallgrass","Grass","Perennial"
"Carexbrevior","KNZ","C3","Perennial",NA,NA,NA,NA,NA,208.33333,NA,0.3428571,NA,NA,NA,0.160456901496831,0.309616741396068,0.621391343206863,0.351814747662388,0.534290746413536,1.87164012611592,"Tallgrass","Grass","Perennial"
"Carexheliophila","KNZ","C3","Perennial",NA,NA,NA,NA,NA,NA,NA,NA,NA,NA,NA,0.772390903700901,0.827523254066563,0.68104450531588,0.774236436781643,0.734028698711074,1.36234455377012,"Tallgrass","Grass","Perennial"
"Carexmeadii","KNZ","C3","Perennial",44,NA,NA,NA,NA,208.98642,NA,0.435,NA,NA,NA,1.43752937751731,1.48537628772319,1.3151891191494,0.904020166452913,0.729568528419821,1.37067315960834,"Tallgrass","Grass","Perennial"
"Dichantheliumoligosanthes","KNZ","C3","Perennial",31.82,NA,NA,NA,NA,100.7,0.32558,NA,3.1738,NA,0.9,0.381957986527983,0.298849555297537,0.311328443427941,0.250913989132644,0.512996048702602,1.94933275320358,"Tallgrass","Grass","Perennial"
"Euphorbianutans","KNZ","C4","Annual",39.2778,0.19485,115.46675,0.301148,NA,122.6628,NA,0.6725255,NA,NA,NA,-0.0174725290766706,-0.0186562214379713,0.123918917103404,0.0348723044961672,0.334413856912949,2.99030670927105,"Tallgrass","Other","Short-lived"
"Physalispumila","KNZ","C3","Perennial",NA,NA,NA,NA,NA,96.62921,NA,0.3980322,NA,NA,NA,0.145999143894581,0.21866971251771,0.176484110834388,0.629142513658495,0.52633781360999,1.89992049619484,"Tallgrass","Other","Perennial"
"Psoraleatenuiflora","KNZ","C3","Perennial",NA,0.3176333,58.831315,0.4262845,NA,100.07,NA,0.33698,NA,NA,NA,0.18873760946186,1.05659595139244,0.2887419127287,0.946753498182551,0.756987489622648,1.32102579462508,"Tallgrass","Other","Perennial"
"Ruelliahumilis","KNZ","C3","Perennial",46.224,0.4301655,18.73055,0.4105155,NA,182.519,NA,0.3585735,NA,NA,NA,0.418437075189667,0.071064553080499,0.256973070391768,0.0287112169346924,0.471632792932154,2.12029361610539,"Tallgrass","Other","Perennial"
"Schizachyriumscoparium","KNZ","C4","Perennial",91.4125,0.202475,79.36428,0.444032,0.9905,178.6083,0.341577904,0.7250745,2.43956,-2.254976,NA,2.21728665337995,2.24649934083764,1.46890164427324,1.50010275105543,0.645452734515649,1.54930012148822,"Tallgrass","Grass","Perennial"
"Sorghastrumnutans","KNZ","C4","Perennial",180.86,0.238,78.45428,0.317752,NA,163.79195,0.39788,0.489839,NA,NA,1.09,2.00178102120113,2.49629143938059,1.87333489007216,2.66306187999855,0.606482128909718,1.64885320165611,"Tallgrass","Grass","Perennial"
"Sporobolusasper","KNZ","C4","Perennial",95.22,NA,NA,NA,NA,NA,NA,NA,NA,NA,NA,1.58448758043493,1.1209839244486,1.4269339343338,1.19033497214148,0.889960916422452,1.12364484950631,"Tallgrass","Grass","Perennial"
"Artemisiafrigida","SGS","C3","Perennial",33.84,0.24195,70.28428596,NA,1.02,169.4188881,0.430576332,0.33609394,0.6698,-2.2888,1.943,1.566818956486,0.747080862500615,1.71188699130589,1.20078240299323,0.796213790799559,1.25594408380669,"Northern Shortgrass","Other","Perennial"
"Boutelouagracilis","SGS","C4","Perennial",23.136,0.183741667,123.04093,0.3752851,0.56,125.5501051,0.480014021,0.412646057,1.018,-2.1479208,1.857,3.79325024095202,3.63163171052116,3.57534308908501,1.99556842377772,0.779416767317093,1.2830106329919,"Northern Shortgrass","Grass","Perennial"
"Buchloedactyloides","SGS","C4","Perennial",NA,NA,NA,NA,0.78,131.75231,0.61125,NA,NA,NA,NA,1.21622792928517,0.827238673463728,0.696249359881153,1.01917696308073,0.811384690182035,1.23246101645774,"Northern Shortgrass","Grass","Perennial"
"Carexeleocharis","SGS","C3","Perennial",12.652,0.1892,76.88056507,NA,0.716666667,110.0503329,0.40284305,NA,1.11075,-2.15417688,1.753,0.0371421527992044,-0.143702914117318,0.750293433327836,0.678662683610138,0.831659444558643,1.20241525126994,"Northern Shortgrass","Grass","Perennial"
"Echinocereusviridiflorus","SGS","CAM","Perennial",NA,NA,NA,NA,NA,NA,NA,NA,NA,NA,NA,-5.51025725293766e-17,0.115364851865797,-4.20960244190118e-18,0.0419488997848846,0.132662746565748,7.53791117617482,"Northern Shortgrass","Other","Perennial"
"Elymuselymoides","SGS","C3","Perennial",NA,NA,NA,NA,NA,NA,NA,NA,NA,NA,NA,1.82608652452385,1.5067458327156,1.62208867377278,1.40691820703777,0.736160937511516,1.35839861780816,"Northern Shortgrass","Grass","Perennial"
"Heterothecavillosa","SGS","C3","Perennial",19.29333333,0.254566667,69.97353922,NA,0.8,125.3067938,0.328382588,NA,1.50075,-1.30543536,2.544,-0.129843678574723,-0.297013934824567,0.461838417215031,0.626371861967441,0.544164505830683,1.83767957903368,"Northern Shortgrass","Other","Perennial"
"Ipomopsislaxiflora","SGS","C3","Biennial",NA,NA,NA,NA,NA,NA,NA,NA,NA,NA,NA,1.0867929753548,2.60651074384718,0.624605136267149,1.4545289698489,0.930255350453084,1.074973661278,"Northern Shortgrass","Other","Short-lived"
"Lepidiumdensiflorum","SGS","C3","Annual",17.528,0.119727767,317.5002833,0.40364305,1.816666667,175.1400009,0.190562613,0.46227389,0.68675,-0.949672944,3.816,0.279020608272934,0.276491947891509,0.213848180109791,0.162449576941493,0.449400405779058,2.22518713187731,"Northern Shortgrass","Other","Short-lived"
"Machaerantheratanacetifolia","SGS","C3","Annual",NA,NA,NA,NA,NA,NA,NA,NA,NA,NA,NA,1.19929870445512,0.693147180559947,1.6774234457846,-0.237656212099312,1.60847449581351,0.6217070911617,"Northern Shortgrass","Other","Short-lived"
"Oenotherasp.","SGS",NA,NA,NA,NA,NA,NA,NA,NA,NA,NA,NA,NA,NA,0.294394152014605,0.110251113670637,0.259738396090718,0.562661725965228,0.604958200090001,1.653006769478,"Northern Shortgrass","Grass","Perennial"
"Opuntiapolyacantha","SGS","C3","Perennial",60.96,NA,NA,NA,NA,NA,NA,NA,NA,NA,NA,0.262770320089971,0.452788585773121,0.224268294475781,0.285229809291692,0.567872231592738,1.76095949822243,"Northern Shortgrass","Other","Perennial"
"Plantagopatagonica","SGS","C3","Annual",9.412,0.168471429,264.2943584,NA,1.25,125.8134807,0.228196907,NA,1.64475,-0.9627412,2.055,2.65533657869108,1.70773161428211,3.15635293747721,1.62841920375253,1.33449828915426,0.749345284386803,"Northern Shortgrass","Other","Short-lived"
"Salsolatragus","SGS","C4","Annual",NA,NA,NA,NA,NA,NA,NA,NA,NA,NA,NA,0.502981882659446,2.09629956533614,0.315217410683773,0.682634388644415,0.683993660266441,1.46200185482781,"Northern Shortgrass","Other","Short-lived"
"Sphaeralceacoccinea","SGS","C3","Perennial",13.224,0.274783335,99.97988,0.133333333,1.5,102.8873489,0.335130805,0.22081766,4.9,-1.77186088,3.143,1.090677713138,1.35274619010865,0.71144149246714,0.964889726791958,0.619847670854953,1.61329960088534,"Northern Shortgrass","Other","Perennial"
"Tragopogondubius","SGS","C3","Biennial",38.908,0.434975,22.84106,0.3711031,1.137,173.150804,0.197718638,0.3306402,9.15,-1.074377472,3.029,0.414129237481774,0.0505930132844936,0.413222150750914,1.05124222569911,0.652801678552947,1.53185880621,"Northern Shortgrass","Other","Short-lived"
"Vulpiaoctoflora","SGS","C3","Annual",7.264,0.12178,484.0989444,0.243376475,1.18,192.4544519,0.382109717,0.7305598,0.1421,-1.804843108,1.775555556,2.45182883729686,2.34065635811629,2.79803947886545,3.13013858425317,1.5455433551897,0.647021642351313,"Northern Shortgrass","Grass","Short-lived"
"Chamaesycelata","SBU","C4","Perennial",NA,NA,NA,NA,NA,NA,NA,NA,NA,NA,NA,0.638837186464778,2.55874806550315,0.313776507800694,0.435446998392449,0.614781786559321,1.62659340576204,"Southern Shortgrass","Other","Perennial"
"Chamaesyceserrula","SBU","C4","Annual",NA,NA,NA,NA,NA,200.318309,0.29294965,NA,NA,NA,1.5738,0.328113246299975,0.334853032681158,1.24012978161158,0.467950544225396,0.873505748077517,1.14481215744817,"Southern Shortgrass","Other","Short-lived"
"Cryptanthacrassisepala","SBU","C3","Annual",NA,NA,NA,NA,NA,177.568032,0.1474635,NA,NA,NA,1.3902,0.365952733745059,0.591326861932258,0.245867884462695,0.559999555648754,0.590991326073949,1.69207221135234,"Southern Shortgrass","Other","Short-lived"
"Euphorbiaexstipulata","SBU","C3","Perennial",NA,NA,NA,NA,NA,214.6976351,0.1639677,NA,NA,NA,2.4043,0.901071653658968,0.0622871884208188,1.11123187076931,0.0799451125622034,0.758180109862461,1.31894781595023,"Southern Shortgrass","Other","Perennial"
"Hoffmannseggiadrepanocarpa","SBU","C3","Perennial",NA,NA,NA,NA,NA,157.2577,0.34375,NA,NA,NA,2.0165,0.0791057764645973,0.440821547037616,0.0709519012512648,0.158264128739263,0.278059818775702,3.59634845625305,"Southern Shortgrass","Other","Perennial"
"Kallstroemiaparviflora","SBU","C4","Annual",NA,NA,35.12971,NA,NA,255.3065862,0.1840491,NA,NA,NA,1.6903,2.92999570744344,NA,3.36960823105556,NA,0.0799421623693335,12.5090436680958,"Southern Shortgrass","Other","Short-lived"
"Muhlenbergiaarenicola","SBU","C4","Perennial",NA,NA,NA,NA,NA,144.308259,NA,NA,NA,NA,2.062,-0.0652870757935023,5.55111512312578e-16,0.0529125936582889,4.9960036108132e-16,0.261628618885668,3.82221182170059,"Southern Shortgrass","Grass","Perennial"
"Phaceliacrenulata","SBU","C3","Annual",NA,NA,NA,NA,NA,174.0738454,0.1261692,NA,NA,NA,2.4692,0.166521514665704,1.84602800554227,0.17345059521485,1.48007417727186,0.591150145526679,1.69161761621332,"Southern Shortgrass","Other","Short-lived"
"Plantagopatagonica","SBU","C3","Annual",11.88675,0.168471429,24.58387,NA,1.25,110.755,0.231891593,NA,1.421875,-0.69552658,1.8764,0.147310747291214,0.368625826166451,0.199720167213447,0.268633728997944,0.373406557214302,2.67804616892704,"Southern Shortgrass","Other","Short-lived"
"Sphaeralceapolychroma","SBU","C3","Perennial",NA,NA,NA,NA,NA,119.6743415,NA,NA,NA,NA,4.3008,0.184270771405749,0.202405605654689,0.0514273220327381,0.0911237333390744,0.291666463047968,3.42857382213168,"Southern Shortgrass","Other","Perennial"
"Sporobolussp.","SBU","C4","Perennial",NA,NA,NA,NA,NA,101.7955765,NA,NA,NA,NA,1.2816,0.443254650020567,0.088650584287103,0.236892242591976,-0.0496153840894014,0.520265203081247,1.92209664239996,"Southern Shortgrass","Grass","Perennial"
"Aristidaadscensionis","SBK","C4","Annual",29.33333,NA,162.48222,NA,NA,265.2631,0.352607,NA,NA,NA,NA,0.169557399850025,2.42036812865035,0.176876083687392,1.21018406432518,0.433135738690889,2.30874506689844,"Desert","Grass","Short-lived"
"Boutelouaeriopoda","SBK","C4","Perennial",60.96,NA,NA,NA,NA,165.7349725,0.358500582,NA,NA,-2.6979008,2.11225,0.167803520955776,0.950718185172133,0.289063645558106,0.331609141291501,0.515330174526483,1.94050348578727,"Desert","Grass","Perennial"
"Boutelouagracilis","SBK","C4","Perennial",34.5,0.183741667,123.04093,0.3752851,0.56,110.4342855,0.41375,0.412646057,1.09699,-2.517091661,1.3646,1.02680554208776,0.362768761954109,0.951711671704926,0.565505577280658,0.597756056803183,1.67292324120985,"Desert","Grass","Perennial"
"Chamaesycealbomarginata","SBK","C4","Perennial",NA,NA,NA,NA,NA,126.4952309,NA,NA,1.2973,NA,NA,0.309519445592268,1.53658933420541,0.769329731426237,0.674631908188595,0.884580057797298,1.13047992794469,"Desert","Grass","Perennial"
"Chamaesyceserpyllifolia","SBK","C4","Annual",1.527778,NA,NA,NA,NA,199.2828272,NA,NA,NA,NA,1.6056,1.08811310201006,0.705123602934977,0.883162207217659,1.68401510589965,1.18801570447196,0.841739714581019,"Desert","Other","Short-lived"
"Dasyochloapulchella","SBK","C4","Perennial",NA,NA,NA,NA,NA,165.6899912,0.440023543,NA,NA,-4.6562288,1.055,0.0562475697349011,-0.1969625717573,0.133478387471285,0.210425427194822,0.433849810102438,2.30494511398745,"Desert","Grass","Perennial"
"Echinomastusintertextus","SBK","CAM","Perennial",NA,NA,NA,NA,NA,NA,NA,NA,NA,NA,NA,0.0849801999624211,0.00772542326985021,0.0725373513898344,0.0519183408397095,0.251043088574178,3.98337992764346,"Desert","Other","Perennial"
"Gauracoccinea","SBK","C3","Perennial",NA,NA,73.07968,NA,NA,149.3403465,0.2637897,NA,NA,NA,2.5336,0.156457675243476,0.402981533679071,0.128660978292534,0.188166378541234,0.372707572377844,2.68306864177747,"Desert","Other","Perennial"
"Lepidiumdensiflorum","SBK","C3","Annual",32,0.15235,NA,0.40364305,1.421,223.95658,0.1758455,0.46227389,2.4471636,-0.839135831,3.707,1.13307598867892,0.26657546082476,0.430826534513483,0.100304037258395,0.507436423768309,1.97069022474546,"Desert","Other","Short-lived"
"Oenotheracaespitosa","SBK","C3","Perennial",15.24,NA,21.5562,NA,NA,297.9888,0.1205563,NA,NA,NA,NA,0,0,0,0,0,Inf,"Desert","Other","Perennial"
"Plantagopatagonica","SBK","C3","Annual",11.88675,0.168471429,24.58387,NA,1.25,183.5855,0.221869643,NA,1.421875,-0.69552658,1.8764,0.667257785418716,1.60694638338804,0.581152979190233,1.34411448568755,0.570505454559276,1.75283161976517,"Desert","Other","Short-lived"
"Salsolatragus","SBK","C4","Annual",NA,NA,NA,NA,NA,NA,NA,NA,NA,NA,NA,-0.085812220106274,1.24411744929121,-0.0555802036454694,0.859276632156335,0.752379161502407,1.32911708772359,"Desert","Other","Short-lived"
"Sporobolussp.","SBK","C4","Perennial",NA,NA,NA,NA,NA,159.6265199,NA,NA,NA,NA,2.402,0.754394750451066,-0.291781398529064,0.409854737067266,0.45362672183537,0.751077484285459,1.3314205537014,"Desert","Grass","Perennial"
